STNNBR,depth,lat,lon,HgP_pmol_ug,HgP_flag,MMHgP_pmol_ug,MMHgP_flag,POC_umolC_L,POC_sink_flag,POC_susp_flag,HgT_pM,Hg0_pM,MMHg_pM,DMHg_pM,SILCAT,NITRAT,NITRIT,PHSPHT,CTDPRS,CTDTMP,CTDSAL,CTDOXY,TRANSM,FLUORM
1,20,-12.01,-79.2,0,2,0,2,3.96,0,0,0.49,0,0.19,0.01,2.63,7.495,0.6,0.965,20,17.63,35.18333333,255.7666667,4.62,0.386666667
1,30,-12.01,-79.2,0,2,0,2,2.89,0,0,0.69,0.17,0,0.01,2.1,7.78,0.62,1.05,30,17.49333333,35.19333333,252.6666667,4.663333333,0.44
1,80,-12.01,-79.2,0,2,0,2,2.24,0,0,0.98,0.03,0.06,0.03,21.42,17.74,3.14,2.635,80,14.18666667,34.95666667,23.03333333,4.753333333,0.066666667
1,235,-12.01,-79.2,0,2,0,2,0.69,0,0,0.44,0.07,0.09,0.1,31.28,14.785,8.955,2.54,236,12.23,34.87,6.266666667,4.79,0.02
1,300,-12.01,-79.2,0.01,2,0.09,2,0.58,0,0,1.14,0.12,0.05,0.22,30.89,23.615,5.505,2.575,301,11.39,34.81666667,6.4,4.793333333,0.02
1,550,-12.01,-79.2,0.01,2,0.2,2,0.2,0,0,0.87,0.02,0.1,0.12,48.27,43.145,0,3.14,553,7.405,34.58,9.3,4.82,0.02
1,800,-12.01,-79.2,0.02,2,0.41,2,0.18,0,0,1.29,0.03,0.08,0.08,68.72,45.62,0,3.26,805,5.48,34.535,28.55,4.83,0.02
1,1200,-12.01,-79.2,0.01,6,0,2,0.19,0,0,0.88,0.08,0,0.11,102.155,42.435,0,3.095,1209,3.8,34.565,69.25,4.83,0.02
1,1600,-12.01,-79.2,0.02,2,0.21,2,0.16,0,0,0.73,0.03,0.07,0.03,129.87,40.71,0,2.995,1614,2.79,34.615,90.4,4.83,0.02
2,20,-12.04,-77.38,,5,,3,11.12,8,8,0.74,0.14,0.02,0.04,10.975,14.03,1.31,2.145,20,14.29,34.95,46.4,4.65,0.21
2,38,-12.04,-77.38,0,2,0,2,3.27,0,0,1.89,0.04,0.04,0,16.1,17.505,0.69,2.44,38,13.77,34.93,16.9,4.67,0.15
2,55,-12.04,-77.38,0,2,0.02,2,4.23,0,0,2.05,0.31,0.05,0,21.81,20.875,0.36,2.605,55,13.22,34.93,7,4.74,0.05
2,70,-12.04,-77.38,0,2,0,2,2.41,0,0,1.29,0.34,0.07,0.09,30.11,17.33,5.005,2.505,70,13.09,34.93,6.6,4.71,0.05
2,110,-12.04,-77.38,0,2,0.04,2,2.41,0,0,1.62,0.28,0.03,0.08,47.82,1.08,4.91,2.54,110,12.88,34.92,5.9,4.51,0.09
3,20,-12.05,-77.66,,5,,3,11.27,8,8,0.81,0.13,0.05,0.14,19.37,19.08,1.145,2.565,20,14.54,34.96,29.8,4.73,0.11
3,30,-12.05,-77.66,0,2,0,2,3.13,0,0,1.49,0.08,0.06,0.05,23.765,14.935,3.085,2.605,30,13.72,34.9,12.3,4.76,0.07
3,90,-12.05,-77.66,0,2,0,6,1.4,0,0,1.1,0.27,0.1,0.17,31.18,11.635,8.82,2.53,90,13.11,34.93,6.1,4.76,0.02
4,20,-12.04,-77.82,0,2,,5,2.37,0,0,0.64,0.09,0.08,0.01,4.245,12.425,0.555,1.82,20,15.56,34.97,185,4.69,0.19
4,110,-12.04,-77.82,0,2,0.04,2,1.43,0,0,0.73,0.07,0,0.01,32.06,8.595,10.57,2.525,110,13.21,34.93,6.7,4.77,0.02
4,300,-12.04,-77.82,0,2,0.08,6,0.82,0,0,1.14,0.17,0,0.06,33.915,27.17,3.715,2.675,301,10.73,34.77,6.1,4.79,0.02
5,20,-12.04,-78.17,0,2,0.03,2,3.32,0,0,0.47,0.19,0.08,,4.88,11.555,0.455,1.365,20,17.105,35.01,252.15,4.515,0.77
5,75,-12.04,-78.17,0.01,2,0,2,1.79,0,0,2.5,0.145,0.09,0.07,32.01,4.23,9.555,2.455,75,13.83,34.96,8.8,4.73,0.155
5,200,-12.04,-78.17,0.02,2,0,2,0.79,0,0,0.74,0.06,0.08,0.03,29.96,18.84,6.355,2.45,201,12.285,34.87,6.2,4.79,0.02
5,600,-12.04,-78.17,0.01,2,0.32,6,0.24,0,0,0.77,0.17,0.05,,56.57,44.165,0,3.175,604,6.83,34.57,8.9,4.82,0.02
5,1200,-12.04,-78.17,0.01,2,0,6,0.24,0,0,3,0.07,0.13,0.09,108.305,41.63,0.03,3.1,1209,3.54,34.57,71.5,4.83,0.02
5,1800,-12.04,-78.17,0.01,2,0,2,0.32,0,0,0.45,0.22,0.18,0.06,141.68,39.58,0,2.975,1817,2.4,34.63,98.5,4.82,0.02
7,20,-12,-84,0,2,0,2,2.05,0,0,0.27,0.02,0.06,0,4.73,14.28,0.42,1.015,20,18.91666667,35.28666667,247.3,4.686666667,0.31
7,60,-12,-84,0,2,0,2,1.28,0,0,0.39,0.04,0.04,0,4.68,14.34,0.42,1,60,18.06333333,35.28333333,238.2333333,4.753333333,0.22
7,110,-12,-84,0,2,0,2,1.51,0,0,0.63,0.25,0.06,0.01,25.03,18.505,3.145,2.49,110,13.66666667,34.93,8.633333333,4.743333333,0.176666667
7,150,-12,-84,0,2,0,2,1.23,0,0,0.9,0.29,0.13,0.06,27.72,21.135,3.64,2.475,151,12.91666667,34.92,7,4.773333333,0.02
7,500,-12,-84,0.01,2,0.28,2,0.23,0,0,0.84,0.03,0.17,0.11,42.51,41.435,0,2.94,503,7.94,34.59666667,9.733333333,4.82,0.02
7,750,-12,-84,0.01,2,0.31,2,0.2,0,0,0.7,0.05,0.03,0.14,63.21,45.705,0,3.21,755,5.806666667,34.53,23.16666667,4.82,0.02
7,1000,-12,-84,0.01,2,0.34,2,0.15,0,0,0.71,0.02,0.09,0.15,84.975,43.515,0,3.12,1007,4.433333333,34.53666667,59.8,4.83,0.02
7,1750,-12,-84,0,2,0,2,0.13,0,0,0.75,0.02,0.03,0.02,134.995,39.96,0,2.925,1766,2.58,34.62,103.35,4.83,0.02
7,2250,-12,-84,0.01,2,0,2,0.07,0,4,0.97,0.01,0.05,0.15,144.95,38.34,0,2.785,2273,2.065,34.65,124.7,4.835,0.02
7,3000,-12,-84,0.01,2,0,2,0.04,0,4,1.01,0.05,0.13,0.12,148.215,37.225,0,2.745,3036,1.8,34.67,147.3,4.84,0.02
7,4500,-12,-84,0.01,2,0,2,0.03,0,4,1.38,0.19,0.02,0.09,136.015,35.71,0,2.615,4570,1.83,34.68,175.6,4.84,0.01
9,20,-12,-89,0,2,,5,1.88,0,0,0.57,0,0.08,0,5.415,13.9,0.45,1.15,20,19.05666667,35.35666667,245.9333333,4.703333333,0.22
9,60,-12,-89,0,2,0,2,1.32,0,0,0.52,0.02,0.05,0,4.44,13.26,0.52,1.245,60,18.05666667,35.32,240.0666667,4.73,0.293333333
9,155,-12,-89,0,2,0,2,1.01,0,0,1.1,0.04,0.07,0.41,28.59,13.385,5.075,2.61,156,12.88666667,34.88,7.2,4.76,0.036666667
9,250,-12,-89,0,2,0,2,0.45,0,0,1.33,0.04,0.07,0.03,28.89,28.65,0.655,2.585,251,11.39,34.81,6.3,4.796666667,0.02
9,625,-12,-89,0.01,2,0.29,2,0.17,0,0,1.44,0.04,0.07,0.08,52.91,44.39,0,3.125,629,6.455,34.535,25.9,4.82,0.02
9,750,-12,-89,0.01,2,0,2,0.15,0,0,1.2,0.04,0.13,0.32,61.06,44.115,0,3.1,755,5.575,34.515,44.7,4.83,0.02
9,1000,-12,-89,0.01,2,,5,0.13,0,0,1.26,0.01,0.11,0.07,83.66,43.255,0,3.13,1007,4.39,34.53,64.85,4.83,0.02
9,1500,-12,-89,0.01,2,0,2,0.12,0,0,1.22,0.02,0.02,0.05,119.625,40.725,0,3.015,1512.666667,2.996666667,34.59,95.26666667,4.83,0.02
9,2500,-12,-89,0.01,2,0,2,0.2,0,0,1.34,0.05,0.1,0.24,143.97,37.58,0,2.775,2527,1.88,34.66,139.8,4.84,0.02
9,3000,-12,-89,0.01,2,0,2,0.08,0,0,1.41,0.06,0.03,0.09,140.8,36.52,0,2.69,3036,1.78,34.67,156.1,4.84,0.01
9,4000,-12,-89,0.01,6,0,2,0.02,0,4,1.83,0.05,0.05,0.29,138.065,36.105,0,2.655,4058,1.81,34.68,166.6,4.84,0.01
11,40,-12,-94,0,2,0,2,2.37,0,0,0.14,0,0.06,0,3.27,9.405,0.34,0.86,40,20.94333333,35.47333333,238.9666667,4.7,0.233333333
11,75,-12,-94,0,2,0,2,1.1,0,0,0.13,0,0.03,0,2.585,6.6,0.41,0.8,75,19.98333333,35.55,233.4,4.76,0.236666667
11,110,-12,-94,0,2,0,2,0.67,0,0,0.15,0,0.04,0,2.39,7.025,0.96,0.855,110,18.30666667,35.32,209,4.783333333,0.076666667
11,130,-12,-94,,2,,2,0.11,0,0,0.17,0,0.04,0.07,4.93,14.33,0.04,1.3,130,15.95,35.01333333,157.9666667,4.796666667,0.043333333
11,180,-12,-94,0,2,0,2,0.3,0,0,0.41,0.03,0.04,0.04,22.15,20.55,0.02,2.575,181,12.92,34.80333333,17.16666667,4.81,0.023333333
11,260,-12,-94,0,2,0,2,0.21,0,0,0.66,0.03,0.08,0.06,27.33,27.115,0,2.64,261,11.18,34.77,6.9,4.81,0.02
11,320,-12,-94,0,2,0.28,6,0.25,0,0,0.645,0.01,0.06,0.055,30.795,33.89,0,2.625,321,10.24,34.73,9.233333333,4.81,0.02
11,1750,-12,-94,0.01,2,,5,0.11,0,0,0.66,0.025,0.03,0.07,129.14,39.355,0,2.88,1766,2.535,34.62,113.4,4.84,0.02
11,2000,-12,-94,0.01,2,0,2,0.09,0,0,0.84,0,0.07,0.06,137.73,38.5,0,2.83,2019,2.25,34.64,123.6,4.84,0.02
11,2500,-12,-94,0.01,2,0,2,0.07,0,0,0.97,0.11,0.09,0.12,135.965,36.295,0,2.65,2527,1.86,34.66,155.1,4.84,0.01
11,3500,-12,-94,0.01,2,0,2,0.05,4,0,1.4,0.05,0.1,0.25,141.575,36.305,0,2.65,3546,1.8,34.68,161.3,4.84,0.01
13,20,-14,-99,0,2,0,2,1.9,0,0,0.13,0.01,0.04,0,1.61,3.035,0.1,0.49,20,21.33,35.74666667,237.3,4.7,0.203333333
13,60,-14,-99,0,2,0,2,1.55,0,0,0.16,0.01,,0,1.32,1.93,0.07,0.445,60,21.17333333,35.79333333,237.1666667,4.716666667,0.283333333
13,900,-14,-99,0.01,2,0.34,2,0.14,0,0,0.52,0.01,0.21,0.06,71.115,44.04,0,3.115,906,5.02,34.515,51,4.825,0.02
13,1200,-14,-99,0,2,0,2,0.12,0,0,0.36,0.03,0.04,0.02,96.74,41.81,0,3.055,1209,3.805,34.55,81.75,4.83,0.02
13,1800,-14,-99,0.01,2,0,2,0.08,0,0,0.47,0.01,0.09,0.06,126.55,38.875,0,2.84,1816,2.525,34.615,119.1,4.835,0.02
13,2400,-14,-99,0.01,2,0,2,0.06,0,0,0.805,0.035,0.23,0.1,130.795,36.1,0,2.62,2426,1.905,34.66,158.15,4.84,0.01
13,3000,-14,-99,0.02,2,0,2,0.04,0,4,1.17,0.03,0.14,0.12,138.895,36.2,0,2.645,3036,1.79,34.67,161.4,4.84,0.01
13,3700,-14,-99,0.01,2,0,2,0.08,0,0,1.25,0.03,,0.17,147.145,36.815,0,2.68,3751,1.83,34.67,158.7,4.84,0.01
13,3750,-14,-99,0.01,2,0,2,0.07,0,0,1.26,0.05,0.08,0.13,146.85,36.785,0,2.685,3802,1.84,34.67,158.8,4.84,0.01
15,20,-16,-104,0,2,0,2,1.21,0,0,0.17,0,0.1,0,1.12,0.86,0.03,0.285,20,22.34,35.95333333,230.4333333,4.74,0.136666667
15,75,-16,-104,0,2,0,2,1.14,0,0,0.17,0.01,0,0,1.12,0.57,0.035,0.29,75,22.14333333,36.01333333,232.6666667,4.733333333,0.246666667
15,105,-16,-104,0,6,0,2,0.66,0,0,0.24,0.01,0,0,1.17,1.02,0.1,0.34,105,21.55333333,35.96,226.9,4.763333333,0.22
15,150,-16,-104,0,2,0,2,0.4,0,0,0.18,0.01,0,,1.025,1.23,1.09,0.385,150,20.13,35.71,214,4.79,0.073333333
15,410,-16,-104,0,2,0.39,2,0.21,0,0,0.82,0.03,0.04,0.13,29.19,36.755,0,2.66,412,8.686666667,34.57666667,29.1,4.81,0.02
15,750,-16,-104,0.01,2,0.35,2,0.18,0,0,0.73,0.01,0.05,0.11,54.765,42.185,0,2.935,755,5.565,34.49,65.55,4.82,0.02
17,20,-15,-109.19,0,2,0,2,1.64,0,0,0.24,0,0.02,0,1.415,2.505,0.05,0.41,20,23.48333333,35.91,226.9666667,4.703333333,0.116666667
17,250,-15,-109.19,0,2,0,2,0.19,0,0,0.165,0.02,0,0.01,3.71,11.635,0,0.995,251,14.27,34.75666667,187.7666667,4.806666667,0.01
17,2000,-15,-109.19,0,2,0,2,0.05,0,0,0.76,0.02,0.02,0.1,127.97,37.335,0,2.695,2019,2.175,34.63,139.95,4.84,0.01
17,2500,-15,-109.19,0.02,2,0,2,0.04,0,0,1.085,0.03,0.13,0.12,135.09,36.105,0,2.56,2527,1.835,34.66,158.85,4.84,0.01
17,2999,-15,-109.19,0.01,2,0,2,0.05,0,0,1.41,0.02,,,143.925,36.655,0,2.62,3035,1.8,34.67,157.6,4.84,0.01
17,3675,-15,-109.19,0.02,2,0,2,0.04,0,0,,,0.05,0.1,147.535,36.935,0,2.65,3726,1.85,34.67,158.4,4.83,0.01
18,20,-14.98,-112.75,0.01,2,0,2,0.65,0,4,0.33,0.02,0.05,0,1.71,3.805,0.075,0.465,20,24.305,35.815,224.1,4.6975,0.125
18,60,-14.98,-112.75,0.01,2,0,2,0.68,0,4,0.18,0,0.05,0,1.12,0.535,0.03,0.32,60,23.87,36.17,226.8,4.7125,0.205
18,95,-14.98,-112.75,0.01,2,0,2,0.39,0,4,0.25,0.01,0.05,0,1.12,0.3,0.1,0.365,95,22.7575,36.22,222.8,4.75,0.215
18,150,-14.98,-112.75,0.01,2,0,2,0.27,0,0,0.31,0.02,0.07,,0.73,0.42,0.785,0.335,150,21.6,36.0675,215.05,4.7875,0.0775
18,355,-14.98,-112.75,0.01,2,0.38,2,0.15,0,0,0.54,0.02,0.05,0.1,25.38,30.705,0,2.6,356,10.445,34.6425,23.275,4.8,0.02
18,1400,-14.98,-112.75,0,2,0,2,0.03,0,4,,,0.09,0.02,109.715,39.935,0,2.855,1411,3.106666667,34.57333333,103.4333333,4.83,0.016666667
18,1800,-14.98,-112.75,0.01,2,0,2,0.05,0,0,,,0.09,0.02,124.405,38.19,0,2.725,1816,2.406666667,34.62,127.4666667,4.83,0.02
18,2000,-14.98,-112.75,0.01,2,0,2,0.04,0,0,,,0.05,0.05,128.21,37.205,0,2.65,2019,2.146666667,34.64,140.1666667,4.83,0.013333333
18,2300,-14.98,-112.75,0.02,6,0,2,0.05,0,0,,,0.125,0.095,126.525,35.4975,0,2.54,2324,1.886666667,34.65666667,164.1666667,4.836666667,0.01
18,2350,-14.98,-112.75,0.07,2,0,6,0.06,0,0,,,0.1,0.08,126.8716667,35.38666667,0,2.525,2375,1.866666667,34.66,166.6666667,4.836666667,0.01
18,2400,-14.98,-112.75,0.11,6,0,2,0.07,0,0,,,0,0.07,129.1575,35.3075,0,2.5325,2426,1.855,34.66,167.25,4.825,0.01
18,2500,-14.98,-112.75,0.09,2,0,2,0.05,0,0,,,,0.1,131.99,35.4125,0,2.555,2527,1.84,34.67,167,4.83,0.01
18,2550,-14.98,-112.75,0.15,2,0,2,0.06,0,0,,,0,0.04,132.16,35.295,0,2.555,2578,1.84,34.67,166.7,4.83,0.01
20,2001,-15,-113.5,,5,0,3,0.1,8,4,0.81,0.01,,,127.77,36.995,0,2.665,2020,2.125,34.64,142.45,4.835,0.015
20,2200,-15,-113.5,0.01,2,0,2,0.03,0,4,1,0.03,,0.02,126.65,35.84,0,2.57,2222,1.935,34.65,159.6,4.84,0.015
20,2250,-15,-113.5,0.02,2,0,2,0.06,0,0,,,0,0.09,126.155,35.395,0,2.53,2273,1.9,34.65,164.15,4.84,0.015
20,2400,-15,-113.5,0.06,2,0,2,0.04,0,0,0.81,0.01,,0,127.675,35.03,0,2.5,2426,1.855,34.66,167.85,4.83,0.015
20,2450,-15,-113.5,0.06,2,0,2,0.07,0,0,0.78,0.03,0,0.01,129.2325,35.1,0,2.5075,2476,1.85,34.66,168,4.83,0.015
20,2500,-15,-113.5,0.09,2,0,2,0.04,0,0,0.75,0.01,0.15,0,130.015,35.085,0,2.525,2527,1.85,34.66,168.1,4.83,0.015
20,2550,-15,-113.5,0.04,2,0,2,0.07,0,0,,,0,0.03,130.21,35.105,0,2.53,2578,1.84,34.67,168.4,4.83,0.015
20,2650,-15,-113.5,0.04,2,0,2,0.05,0,0,0.87,0.02,0,0.02,130.895,35.19,0,2.535,2680,1.835,34.67,169.3,4.835,0.015
20,2700,-15,-113.5,0.06,2,0,2,0.04,0,4,,,0,0.04,130.89,35.14,0,2.535,2731,1.83,34.67,170.15,4.835,0.015
20,2799,-15,-113.5,0.04,2,0,2,0.05,0,0,0.99,0.02,,,130.89,35.135,0,2.54,2832,1.825,34.67,172,4.84,0.015
20,2899,-15,-113.5,0.03,2,0,2,0.03,0,4,1.15,0.03,,,130.405,35.03,0,2.52,2933,1.82,34.67,173.6,4.83,0.01
21,20,-14.77,-115,0,2,0,2,1.55,0,0,,,,0,1.61,3.165,0.07,0.42,20,24.61666667,35.91666667,222.8,4.713333333,0.123333333
21,90,-14.77,-115,0,2,0,2,0.57,0,0,0.34,0.01,,0,1.315,0.61,0.05,0.36,90,23.14333333,36.19333333,220.1666667,4.743333333,0.246666667
21,225,-14.77,-115,0.01,2,0,2,0.18,0,0,0.32,0.02,,0,1.805,7.155,0.02,0.73,226,17.84333333,35.31333333,190.7666667,4.8,0.02
21,1250,-14.77,-115,0,2,0,2,0.06,4,0,,,,0.04,95.37,38.95,0,2.75,1259,3.59,34.55,111.1,4.83,0.02
21,2000,-14.77,-115,0,2,0,2,0.05,0,0,,,,0.04,121.085,36.11,0,2.575,2019,2.125,34.63,153.45,4.84,0.02
21,2450,-14.77,-115,0.02,2,0,6,0.04,0,0,,,,0.02,128.5,35.36,0,2.53,2476,1.85,34.66,168.25,4.84,0.02
23,75,-14,-120,0,2,0,2,0.97,0,0,0.15,0,,0,1.22,1.06,0.02,0.3,75,24.38666667,36.16666667,224.4333333,4.746666667,0.193333333
23,121,-14,-120,0,2,0,2,0.56,0,0,0.15,0.01,,,1.22,0.03,0.105,0.295,121,23.36,36.32333333,212.0333333,4.776666667,0.136666667
23,1500,-14,-120,,2,,2,0.05,0,0,,,0.02,0,107.13,37.83,0,2.74,1512,2.94,34.575,131.65,4.83,0.02
23,2400,-14,-120,0,2,0,2,0.03,0,0,,,0.03,0.06,130.305,35.555,0,2.58,2425,1.85,34.66,165.25,4.84,0.02
23,2450,-14,-120,0,2,0,2,0.03,0,0,,,,0.07,130.7,35.45,0,2.57,2476,1.835,34.66,166.15,4.84,0.02
23,3000,-14,-120,0,2,0,2,0.03,0,4,,,,0.04,133.43,35.475,0,2.525,3036,1.67,34.67,177.9,4.84,0.02
23,3300,-14,-120,0,2,0,2,0.03,0,4,,,,0.14,134.455,35.615,0,2.545,3342,1.65,34.67,180.8,4.84,0.02
23,3350,-14,-120,0,6,0,2,0.03,0,4,,,0,0.02,134.5,35.695,0,2.545,3393,1.65,34.67,181.2,4.84,0.02
25,60,-12.54,-125,0,2,0,2,1.2,0,0,,,,,1.17,2.355,0.04,0.36,60,26.22666667,36.02333333,215.5333333,4.73,0.14
25,86,-12.54,-125,0,2,0,2,1.14,0,0,0.15,0.04,,,1.075,2.175,0.04,0.37,86,25.41,36.00666667,219.1666667,4.733333333,0.23
25,1000,-12.54,-125,0,2,0.54,2,0.09,0,0,,,,0.235,76.97,39.89,0,2.81,1007,4.336666667,34.52,98.16666667,4.83,0.02
25,1250,-12.54,-125,0.01,2,0,6,0.05,0,0,,,,0.16,95.66,39.02,0,2.795,1259,3.465,34.55,113.65,4.83,0.02
25,2550,-12.54,-125,0.02,2,0,2,0.04,0,0,,,,0.12,133.92,36.03,0,2.595,2578,1.835,34.66,161.5,4.84,0.02
25,2650,-12.54,-125,0.02,2,0,6,0.05,0,0,,,,0.22,134.11,35.905,0,2.595,2680,1.82,34.66,162.7,4.84,0.02
25,3000,-12.54,-125,0.04,2,0,2,0.05,4,4,,,,0.26,133.135,35.4,0,2.55,3036,1.72,34.67,172.7,4.84,0.02
26,20,-11.71,-128.08,0,2,0,3,1.17,0,0,0.11,0,,0,1.415,2.31,0.04,0.36,20,26.62666667,36.07,214.5666667,4.733333333,0.11
26,45,-11.71,-128.08,0,2,0,2,1.3,0,0,0.13,0,,0,1.27,2.31,0.04,0.375,45,26.56,36.10333333,215.7,4.73,0.146666667
26,80,-11.71,-128.08,0,6,0,2,0.9,0,0,,,,0,1.265,1.4,0.03,0.32,80,25.13333333,36.15666667,212.1,4.746666667,0.24
26,141,-11.71,-128.08,0.01,2,0,2,0.33,0,0,0.08,0.02,,,1.12,1.2,1.545,0.425,141,22.21666667,36.13666667,199.8333333,4.79,0.076666667
26,252,-11.71,-128.08,0.01,2,0,6,0.17,0,0,0.18,0.01,,,7.12,15.36,0,1.375,253,15.15333333,34.98,163.2333333,4.806666667,0.016666667
26,852,-11.71,-128.08,0.01,2,,5,0.09,0,0,0.72,0,,,61.6,39.89,0,2.77,857,5.17,34.5,90.86666667,4.83,0.02
26,1250,-11.71,-128.08,0.02,2,,5,0.04,0,4,0.95,0.02,,0.15,95.91,38.99,0,2.745,1259,3.54,34.55,114.75,4.83,0.02
26,1501,-11.71,-128.08,0.01,2,,5,0.05,0,0,0.53,0.03,,,110.94,38.195,0,2.71,1513,2.925,34.58,127.85,4.83,0.02
26,2000,-11.71,-128.08,0.03,2,,5,0.02,0,4,0.61,0.03,,0.07,128.26,36.92,0,2.63,2019,2.13,34.635,147.6,4.84,0.02
26,2550,-11.71,-128.08,0.03,2,0,2,0.02,0,4,,,,0.19,137.14,36.21,0,2.58,2578,1.815,34.66,160.7,4.84,0.02
26,2650,-11.71,-128.08,0.02,2,0,6,0.02,0,4,,,,0.18,134.795,35.305,0,2.605,2679,1.8,34.67,162.8,4.84,0.02
26,2750,-11.71,-128.08,0,2,0,2,0.03,0,4,,,,0.04,136.16,35.325,0,2.595,2781,1.76,34.67,165.5,4.84,0.02
26,3750,-11.71,-128.08,0,2,0,2,0.04,0,0,,,,0.06,135.725,34.595,0,2.53,3802,1.57,34.68,186.9,4.84,0.02
26,3965,-11.71,-128.08,0.01,2,0,2,0.06,0,0,,,,0.16,138.31,34.755,0,2.535,4022,1.56,34.68,187,4.83,0.02
28,20,-11.63,-132.5,0,2,0,2,1.23,0,0,0.07,0,,0,1.465,2.34,0.05,0.37,20,27.28666667,36,213.4666667,4.736666667,0.143333333
28,76,-11.63,-132.5,0,2,0,2,1.02,0,0,0.12,0.01,,,1.32,2.295,0.045,0.38,76,26.34666667,36.01333333,216.3666667,4.743333333,0.226666667
28,121,-11.63,-132.5,0,2,0,2,0.47,0,0,0.16,0,,,1.12,0.615,0.26,0.41,121,25.17666667,36.28333333,202.2666667,4.776666667,0.15
28,441,-11.63,-132.5,0,2,0.57,6,0.14,0,0,0.86,0.01,,,29.035,32.275,0,2.235,443,8.83,34.64666667,86.76666667,4.81,0.02
28,611,-11.63,-132.5,0.01,2,0.53,2,0.11,0,0,0.73,0.01,,,44.855,39.41,0,2.69,614,7.003333333,34.56,65.1,4.82,0.02
28,860,-11.63,-132.5,0.01,2,0,2,0.07,4,0,0.74,0.02,,0.02,65.84,41.545,0,2.895,865,5.226666667,34.51333333,74.8,4.813333333,0.02
28,1501,-11.63,-132.5,0.02,2,0,2,0.06,0,0,0.83,0.01,,,110.645,38.29,0,2.75,1513,3.005,34.58,126.55,4.83,0.02
28,2550,-11.63,-132.5,0.02,2,0,2,0.04,0,0,1.07,0.02,,0.02,137.14,36.01,0,2.575,2578,1.825,34.66,160.8,4.84,0.02
28,3000,-11.63,-132.5,0.02,2,0,2,0.03,0,4,,,,0,137.385,35.915,0,2.57,3036,1.68,34.67,173.4,4.84,0.02
28,3500,-11.63,-132.5,0,2,0,2,0.02,4,4,,,,0.09,136.505,35.555,0,2.525,3546,1.56,34.68,184.7,4.84,0.02
28,3900,-11.63,-132.5,0.05,2,0,2,0.03,0,4,,,,0.02,136.355,35.495,0,2.52,3955,1.56,34.68,190.1,4.84,0.02
28,4014,-11.63,-132.5,0.01,2,0,2,0.04,0,0,,,,0.11,136.16,35.505,0,2.525,4072,1.56,34.68,191.9,4.84,0.02
30,30,-11.58,-136.98,0,2,0,2,1.05,0,0,0.25,0.04,0.03,,1.56,2.505,0.05,0.36,30,27.52333333,35.87,211.7333333,4.73,0.12
30,86,-11.58,-136.98,0,2,0,2,0.94,0,0,,,,,1.465,2.825,0.08,0.475,86,26.57333333,35.87333333,206.5666667,4.75,0.226666667
30,156,-11.58,-136.98,0.01,2,0,2,0.35,0,0,,,,,1.17,1.36,2.635,0.5,156,22.72333333,36.16,188.5,4.796666667,0.056666667
30,361,-11.58,-136.98,0.01,3,0.52,3,0.17,0,0,0.65,0.16,,,22.45,29.34,0,2.21,362,10.39333333,34.69666667,65.26666667,4.81,0.02
30,461,-11.58,-136.98,0,2,0.57,2,0.14,0,0,0.88,0.08,,,30.795,32.67,0,2.245,463,8.356666667,34.62,95.8,4.81,0.02
30,712,-11.58,-136.98,0,2,0,2,0.09,0,0,0.8,0.14,,,49.245,40.175,0,2.735,716,6.193333333,34.53333333,66.33333333,4.82,0.02
30,1000,-11.58,-136.98,0.01,2,0,2,0.1,0,0,0.74,0.09,,,76.04,40.575,0,2.76,1006.333333,4.5,34.52,92.6,4.826666667,0.02
30,1501,-11.58,-136.98,0,2,0,2,0.05,0,0,0.71,0.03,,,110.155,38.26,0,2.685,1513,3.035,34.58,124.5,4.83,0.02
30,2549,-11.58,-136.98,0.01,2,0,2,0.04,0,0,0.94,0.07,,,135.625,36.075,0,2.535,2577,1.84,34.66,159.65,4.83,0.02
30,2699,-11.58,-136.98,0.01,2,0,2,0.04,0,0,1.17,0.17,,,137.045,36.075,0,2.565,2729,1.79,34.66,162.8,4.83,0.02
32,30,-11.03,-142.95,0,2,0,2,1.23,0,0,0.15,0.03,,0,1.365,2.135,0.06,0.345,30,28.23333333,35.68,209.2,4.743333333,0.146666667
32,95,-11.03,-142.95,0,2,0,2,0.75,0,0,0.23,0.02,,0,2.29,2.325,0.67,0.465,95,27.42666667,35.82333333,191.9,4.773333333,0.193333333
32,131,-11.03,-142.95,0,2,0,2,0.39,0,0,0.26,0.02,,,2.145,6.36,0.13,0.63,131,25.8,35.96333333,166.6333333,4.793333333,0.07
32,201,-11.03,-142.95,0.01,2,0,2,0.3,0,0,0.32,0.03,,,2.1,7.16,0.02,0.71,201,19.93,35.74333333,172.2,4.803333333,0.02
32,451,-11.03,-142.95,0.01,2,0.68,2,0.16,0,0,0.77,0.02,,,30.7,31.545,0,2.165,453,8.443333333,34.61666667,113.1333333,4.813333333,0.02
32,1252,-11.03,-142.95,0.01,2,0,2,0.08,0,0,0.61,0.01,,,93.66,37.95,0,2.69,1261,3.593333333,34.55,123.0333333,4.83,0.02
32,1750,-11.03,-142.95,0.01,2,0,2,0.1,0,0,0.84,0.02,,,119.525,37.07,0,2.685,1765,2.5,34.605,140.7,4.83,0.02
32,2799,-11.03,-142.95,0.01,2,0,2,0.04,0,0,1.21,0.06,,,139.285,35.69,0,2.595,2831,1.74,34.67,165.2,4.83,0.02
34,30,-10.77,-147.5,0.01,2,0,2,0.93,0,0,,,0,0,1.805,1.95,0.06,0.335,30,28.485,35.41,208.05,4.76,0.12
34,301,-10.77,-147.5,0.01,2,0.36,2,0.17,4,0,0.35,0.02,,,13.03,21.825,0,1.82,302,13.135,34.84,88.55,4.81,0.015
34,2998,-10.77,-147.5,0,2,0,2,-0.01,0,4,1.02,0.02,,,140.85,35.685,0,2.53,3034,1.67,34.67,169.6,4.83,0.02
36,30,-10.5,-152,0.01,2,0,2,1.43,0,0,0.21,0.03,0,0,1.76,0.315,0.02,0.2,30,29.10666667,35.23,208.5666667,4.75,0.116666667
36,45,-10.5,-152,0.01,2,0,2,1.29,0,0,0.26,0.02,,0,1.415,0.33,0.02,0.205,45,29.11,35.23,208.7,4.75,0.123333333
36,76,-10.5,-152,0,2,0,2,1.08,0,0,0.15,0.03,,,1.76,1.285,0.405,0.365,76,27.99,35.72333333,194.1333333,4.76,0.24
36,1000,-10.5,-152,0,2,0.65,2,0.06,0,0,0.46,0.01,0,0.015,70.045,37.83,0,2.65,1006,4.47,34.51,120.4333333,4.83,0.03
36,1250,-10.5,-152,0.01,2,0,2,0.05,0,0,,,0,0,90.93,37.605,0,2.66,1259,3.605,34.545,126.5,4.84,0.03
36,1751,-10.5,-152,0,2,0,2,0.02,0,4,0.86,0.06,,,118.405,36.43,0,2.595,1766,2.45,34.61,147.95,4.84,0.02
36,2100,-10.5,-152,0.02,2,0,2,0.02,0,4,,,,0.01,128.75,36.24,0,2.585,2120,2.075,34.635,154.3,4.84,0.02
36,2201,-10.5,-152,0.01,2,0,2,0.05,0,0,0.67,0.02,,,131.235,36.31,0,2.58,2223,2.01,34.64,154.5,4.84,0.02
36,2400,-10.5,-152,0,2,0,2,0.04,0,4,0.74,0,,0.01,134.75,36.155,0,2.565,2425,1.895,34.65,157.85,4.84,0.02
36,2400,-10.5,-152,0.01,6,0,2,0.04,0,0,0.74,0,,0.01,134.75,36.155,0,2.565,2425,1.895,34.65,157.85,4.84,0.02
36,2501,-10.5,-152,0,2,0,2,0.04,0,4,0.69,0.05,,,136.7,36.135,0,2.565,2527.5,1.855,34.655,158.85,4.84,0.02
36,2600,-10.5,-152,0,2,0,2,0.01,4,4,0.73,0.07,0.03,0.01,137.14,36.03,0,2.565,2628,1.815,34.66,161.2,4.84,0.02
36,2700,-10.5,-152,0,2,0,2,0.03,0,4,0.82,0.06,0,0.01,138.07,35.975,0,2.56,2730,1.785,34.66,163.4,4.84,0.02
36,3498,-10.5,-152,0,2,0,2,0.03,0,4,1.02,0.02,,,136.745,34.8,0,2.48,3544,1.55,34.68,184.4,4.84,0.02
36,5100,-10.5,-152,0.02,2,0,2,0.02,0,4,,,0,0.02,125.325,32.815,0,2.32,5186,1.32,34.69,227.6,4.83,0.02
